root_id,nt_type
720575940601103625,ACH
720575940603225312,ACH
720575940603409632,DA
720575940603457760,GABA
720575940603804704,ACH
720575940604285105,GLUT
720575940604479590,DA
720575940604624096,ACH
720575940604797100,ACH
720575940604809918,ACH
720575940604861356,DA
720575940604968108,ACH
720575940605030316,DA
720575940605113376,DA
720575940605153196,GABA
720575940605221065,DA
720575940605252041,ACH
720575940605255270,ACH
720575940605280201,DA
720575940605391136,ACH
720575940605398206,DA
720575940605424574,DA
720575940605571040,ACH
720575940605634784,
720575940605674249,ACH
720575940605676041,ACH
720575940605721446,ACH
720575940605727153,ACH
720575940605758822,ACH
720575940605817801,ACH
720575940605845984,ACH
720575940605878462,
720575940605891040,DA
720575940605960626,GLUT
720575940606014742,ACH
720575940606047874,GLUT
720575940606114220,ACH
720575940606135473,GABA
720575940606196098,DA
720575940606216480,ACH
720575940606237630,ACH
720575940606256049,GLUT
720575940606279179,DA
720575940606324402,ACH
720575940606339430,
720575940606519910,
720575940606525058,ACH
720575940606549937,ACH
720575940606598089,DA
720575940606610976,DA
720575940606648608,DA
720575940606661920,ACH
720575940606698430,GLUT
720575940606711241,GABA
720575940606736002,DA
720575940606756030,GABA
720575940606909826,DA
720575940607001986,ACH
720575940607064331,ACH
720575940607066123,DA
720575940607269833,ACH
720575940607287561,DA
720575940607300274,GABA
720575940607371076,ACH
720575940607401138,ACH
720575940607480962,ACH
720575940607511900,DA
720575940607593090,GLUT
720575940607780809,ACH
720575940607794443,DA
720575940607818626,
720575940607825609,ACH
720575940607865436,GABA
720575940607897801,GLUT
720575940607971908,ACH
720575940608039637,GLUT
720575940608071435,DA
720575940608140380,DA
720575940608148098,ACH
720575940608166748,DA
720575940608168028,DA
720575940608176452,DA
720575940608177330,GLUT
720575940608186498,DA
720575940608337026,
720575940608367746,DA
720575940608422492,
720575940608429835,DA
720575940608442633,DA
720575940608444355,ACH
720575940608559369,ACH
720575940608613934,
720575940608617923,
720575940608713993,ACH
720575940608729097,ACH
720575940608756693,ACH
720575940608810798,ACH
720575940608823509,ACH
720575940608888277,GLUT
720575940608990677,ACH
720575940608996188,GABA
720575940609006428,GABA
720575940609114436,ACH
720575940609123083,ACH
720575940609123396,GABA
720575940609175758,DA
720575940609180611,DA
720575940609246165,ACH
720575940609289284,ACH
720575940609408963,GLUT
720575940609414468,DA
720575940609439698,ACH
720575940609447689,GABA
720575940609524946,ACH
720575940609536120,DA
720575940609579896,ACH
720575940609588181,GLUT
720575940609696981,ACH
720575940609713250,DA
720575940609750482,GLUT
720575940609815620,GLUT
720575940609818339,GLUT
720575940609843349,DA
720575940609869922,DA
720575940609938955,
720575940610007394,ACH
720575940610033301,GLUT
720575940610102830,
720575940610170586,GLUT
720575940610181496,DA
720575940610204373,GLUT
720575940610357602,DA
720575940610367556,ACH
720575940610383043,ACH
720575940610430254,DA
720575940610472146,ACH
720575940610523746,DA
720575940610541636,GLUT
720575940610569028,DA
720575940610656242,GABA
720575940610670250,DA
720575940610715746,
720575940610728178,ACH
720575940610797688,ACH
720575940610877098,DA
720575940610894126,ACH
720575940610899666,GABA
720575940610908024,GABA
720575940610908057,GLUT
720575940610920914,ACH
720575940610941906,DA
720575940611014570,DA
720575940611037077,ACH
720575940611040866,ACH
720575940611129698,DA
720575940611189454,ACH
720575940611221397,ACH
720575940611240627,GLUT
720575940611270242,ACH
720575940611282222,ACH
720575940611324530,DA
720575940611336214,ACH
720575940611505102,GABA
720575940611547098,ACH
720575940611612387,ACH
720575940611674834,GABA
720575940611688214,ACH
720575940611726829,ACH
720575940611746258,
720575940611772514,DA
720575940611789810,DA
720575940611821078,ACH
720575940611856815,ACH
720575940611863928,GABA
720575940611918578,DA
720575940611932389,ACH
720575940612104290,GABA
720575940612109363,ACH
720575940612138792,GLUT
720575940612140238,ACH
720575940612211496,DA
720575940612237285,ACH
720575940612290969,ACH
720575940612294498,GLUT
720575940612301774,
720575940612302042,DA
720575940612334946,DA
720575940612375002,ACH
720575940612382437,ACH
720575940612388046,GABA
720575940612444339,ACH
720575940612455282,GABA
720575940612481971,ACH
720575940612500082,ACH
720575940612543146,ACH
720575940612553642,ACH
720575940612586981,DA
720575940612606131,ACH
720575940612608790,ACH
720575940612616305,GLUT
720575940612623474,DA
720575940612646642,GLUT
720575940612648817,ACH
720575940612734066,DA
720575940612752611,ACH
720575940612755618,DA
720575940612761598,ACH
720575940612802479,DA
720575940612819367,ACH
720575940612857878,DA
720575940612858341,
720575940612920999,DA
720575940612953969,ACH
720575940612955107,DA
720575940612987134,GABA
720575940613001329,ACH
720575940613034202,ACH
720575940613052131,GABA
720575940613066536,ACH
720575940613094002,GABA
720575940613106611,
720575940613124714,GLUT
720575940613127574,ACH
720575940613142514,DA
720575940613155490,DA
720575940613188333,ACH
720575940613191591,ACH
720575940613194818,ACH
720575940613222835,
720575940613235865,ACH
720575940613268965,GLUT
720575940613301471,DA
720575940613320163,GLUT
720575940613338152,DA
720575940613367190,ACH
720575940613403042,DA
720575940613413791,ACH
720575940613426838,DA
720575940613490034,
720575940613520498,
720575940613550102,ACH
720575940613552018,DA
720575940613555618,GLUT
720575940613588246,DA
720575940613589657,
720575940613600409,ACH
720575940613604162,ACH
720575940613622501,
720575940613638041,ACH
720575940613647007,DA
720575940613696022,DA
720575940613732271,DA
720575940613743569,DA
720575940613782239,DA
720575940613784062,ACH
720575940613786786,ACH
720575940613798195,ACH
720575940613808047,ACH
720575940613812963,DA
720575940613825814,DA
720575940613838289,ACH
720575940613850349,
720575940613856370,GLUT
720575940613888483,
720575940613922099,ACH
720575940613941618,DA
720575940613966498,DA
720575940613980712,ACH
720575940613997009,GLUT
720575940614002143,DA
720575940614047026,GABA
720575940614091951,ACH
720575940614114344,ACH
720575940614128593,DA
720575940614184204,ACH
720575940614191250,GABA
720575940614215395,GABA
720575940614218221,ACH
720575940614293485,DA
720575940614311464,
720575940614327442,ACH
720575940614342038,DA
720575940614342831,ACH
720575940614380771,ACH
720575940614404970,GLUT
720575940614410961,ACH
720575940614416936,ACH
720575940614417314,ACH
720575940614419879,ACH
720575940614421702,GABA
720575940614421800,ACH
720575940614543477,ACH
720575940614544680,ACH
720575940614570989,
720575940614578538,ACH
720575940614606120,ACH
720575940614611142,GLUT
720575940614615970,ACH
720575940614629799,DA
720575940614660519,DA
720575940614677810,DA
720575940614694517,DA
720575940614753170,ACH
720575940614775592,DA
720575940614781607,GABA
720575940614795304,GABA
720575940614803266,ACH
720575940614826536,ACH
720575940614869410,
720575940614883635,ACH
720575940614950575,
720575940614955304,ACH
720575940614959628,ACH
720575940614969055,ACH
720575940614991221,DA
720575940615039272,DA
720575940615060895,ACH
720575940615086698,DA
720575940615089970,ACH
720575940615097490,GLUT
720575940615097962,ACH
720575940615131699,GABA
720575940615166111,ACH
720575940615223702,ACH
720575940615234410,ACH
720575940615239746,ACH
720575940615250399,ACH
720575940615272415,
720575940615297503,ACH
720575940615339414,GLUT
720575940615395326,ACH
720575940615405718,DA
720575940615422058,ACH
720575940615432298,ACH
720575940615442315,DA
720575940615607207,DA
720575940615607975,DA
720575940615612327,GABA
720575940615628967,ACH
720575940615646109,ACH
720575940615647500,ACH
720575940615672459,
720575940615682246,DA
720575940615715003,GLUT
720575940615720854,
720575940615750562,DA
720575940615755679,ACH
720575940615764061,DA
720575940615816498,DA
720575940615826269,
720575940615837234,GLUT
720575940615856779,ACH
720575940615863638,ACH
720575940615896806,GLUT
720575940615905931,ACH
720575940615923131,ACH
720575940615953202,DA
720575940615958175,ACH
720575940615974493,ACH
720575940615977522,GLUT
720575940616007005,DA
720575940616033563,DA
720575940616064546,ACH
720575940616103099,DA
720575940616111666,ACH
720575940616118634,DA
720575940616141535,
720575940616179050,ACH
720575940616206658,
720575940616225209,ACH
720575940616227003,ACH
720575940616260825,ACH
720575940616299348,DA
720575940616312949,DA
720575940616361302,DA
720575940616376251,ACH
720575940616391797,ACH
720575940616393814,DA
720575940616394939,ACH
720575940616400315,GLUT
720575940616483414,ACH
720575940616497214,GLUT
720575940616513058,ACH
720575940616545858,
720575940616549377,ACH
720575940616582027,ACH
720575940616582668,ACH
720575940616605441,ACH
720575940616643924,DA
720575940616649145,ACH
720575940616677830,ACH
720575940616682838,DA
720575940616720443,ACH
720575940616730251,GLUT
720575940616731916,ACH
720575940616770610,ACH
720575940616824118,GLUT
720575940616831861,GABA
720575940616833110,ACH
720575940616848652,GABA
720575940616858229,GLUT
720575940616859682,GLUT
720575940616882757,DA
720575940616986769,DA
720575940617015365,ACH
720575940617030329,GABA
720575940617091378,ACH
720575940617091890,DA
720575940617095837,DA
720575940617145561,DA
720575940617146454,
720575940617146809,ACH
720575940617193886,GLUT
720575940617236667,DA
720575940617242841,DA
720575940617258452,GLUT
720575940617259094,ACH
720575940617290043,DA
720575940617295989,
720575940617297565,GABA
720575940617304916,ACH
720575940617310011,ACH
720575940617333734,ACH
720575940617353433,ACH
720575940617361494,ACH
720575940617399769,
720575940617434395,GLUT
720575940617466395,DA
720575940617489409,ACH
720575940617496925,GABA
720575940617523416,DA
720575940617534557,
720575940617541265,ACH
720575940617542749,ACH
720575940617553809,DA
720575940617594809,ACH
720575940617607029,DA
720575940617613595,ACH
720575940617623632,ACH
720575940617625461,ACH
720575940617630932,ACH
720575940617640309,ACH
720575940617641077,GABA
720575940617653204,ACH
720575940617668537,
720575940617691170,DA
720575940617701633,DA
720575940617831641,ACH
720575940617838553,
720575940617839440,GLUT
720575940617841297,ACH
720575940617847675,ACH
720575940617865117,ACH
720575940617873984,ACH
720575940617888788,ACH
720575940617903643,DA
720575940617917579,ACH
720575940617950865,ACH
720575940617980372,ACH
720575940617982425,GABA
720575940617989686,ACH
720575940618005531,ACH
720575940618008645,ACH
720575940618016925,ACH
720575940618025629,ACH
720575940618062459,ACH
720575940618091009,GABA
720575940618095444,ACH
720575940618103513,GABA
720575940618107451,GABA
720575940618122589,GLUT
720575940618130833,DA
720575940618135867,GABA
720575940618165393,GABA
720575940618171557,GLUT
720575940618180123,ACH
720575940618181606,ACH
720575940618201345,ACH
720575940618203707,DA
720575940618209465,ACH
720575940618219009,ACH
720575940618244281,GABA
720575940618248605,ACH
720575940618257638,ACH
720575940618265172,ACH
720575940618271705,
720575940618274193,ACH
720575940618291549,DA
720575940618307046,ACH
720575940618307141,ACH
720575940618320212,
720575940618327330,
720575940618342966,GABA
720575940618357734,GLUT
720575940618377757,
720575940618399462,GLUT
720575940618404699,ACH
720575940618425246,ACH
720575940618458176,ACH
720575940618486181,ACH
720575940618500753,GABA
720575940618511643,ACH
720575940618511846,
720575940618512331,
720575940618547641,DA
720575940618561721,GLUT
720575940618564928,ACH
720575940618579201,ACH
720575940618584660,GABA
720575940618649920,DA
720575940618652214,ACH
720575940618669808,DA
720575940618669853,GABA
720575940618689349,ACH
720575940618704043,DA
720575940618709184,DA
720575940618721856,ACH
720575940618726145,
720575940618744118,DA
720575940618756865,
720575940618775943,DA
720575940618787675,
720575940618832720,ACH
720575940618842929,DA
720575940618849537,
720575940618876955,
720575940618902512,ACH
720575940618905766,ACH
720575940618910075,DA
720575940618911425,DA
720575940618926875,ACH
720575940618943389,DA
720575940618946843,
720575940618962260,
720575940618997317,GABA
720575940618998644,DA
720575940619031572,ACH
720575940619045957,GLUT
720575940619051803,GLUT
720575940619068352,DA
720575940619078454,ACH
720575940619101062,DA
720575940619105190,ACH
720575940619107924,ACH
720575940619125925,ACH
720575940619165525,ACH
720575940619169901,ACH
720575940619244248,DA
720575940619245016,DA
720575940619251416,DA
720575940619258176,ACH
720575940619259456,ACH
720575940619264822,GLUT
720575940619295623,DA
720575940619295728,ACH
720575940619299054,DA
720575940619301185,DA
720575940619386747,ACH
720575940619402576,DA
720575940619428289,GABA
720575940619458112,GLUT
720575940619492212,ACH
720575940619498337,DA
720575940619500248,GABA
720575940619506993,DA
720575940619507184,ACH
720575940619513304,GABA
720575940619523742,
720575940619637780,ACH
720575940619655444,GABA
720575940619661120,ACH
720575940619676224,DA
720575940619685717,ACH
720575940619686064,GLUT
720575940619686383,ACH
720575940619691569,ACH
720575940619702337,
720575940619772513,GABA
720575940619792961,ACH
720575940619802800,ACH
720575940619811638,DA
720575940619823536,DA
720575940619845547,DA
720575940619883073,ACH
720575940619889729,ACH
720575940619893419,DA
720575940619900470,GLUT
720575940619903215,
720575940619909652,DA
720575940619917248,DA
720575940619926838,ACH
720575940619937872,ACH
720575940619940475,
720575940619942859,ACH
720575940619943815,ACH
720575940619963515,ACH
720575940619973323,ACH
720575940619976686,
720575940620042200,ACH
720575940620055905,ACH
720575940620061293,
720575940620077259,GLUT
720575940620096171,DA
720575940620119022,
720575940620144304,GABA
720575940620170619,ACH
720575940620187305,ACH
720575940620208879,DA
720575940620221702,GLUT
720575940620253311,ACH
720575940620260800,DA
720575940620275928,GABA
720575940620292230,ACH
720575940620301677,GLUT
720575940620326896,GLUT
720575940620333038,ACH
720575940620336038,ACH
720575940620341127,ACH
720575940620341931,DA
720575940620352646,DA
720575940620354609,GABA
720575940620365249,ACH
720575940620379233,DA
720575940620423533,DA
720575940620424813,DA
720575940620431752,
720575940620440199,ACH
720575940620444654,ACH
720575940620445605,DA
720575940620476073,ACH
720575940620476843,
720575940620479579,ACH
720575940620488513,DA
720575940620488539,DA
720575940620494062,GLUT
720575940620497217,DA
720575940620497261,GLUT
720575940620505435,
720575940620525695,GLUT
720575940620528736,ACH
720575940620531403,GLUT
720575940620551046,
720575940620551777,ACH
720575940620552308,DA
720575940620554374,ACH
720575940620576238,DA
720575940620585710,DA
720575940620596017,ACH
720575940620613103,GABA
720575940620634533,ACH
720575940620681837,DA
720575940620683456,GABA
720575940620686529,ACH
720575940620716897,DA
720575940620746093,ACH
720575940620778223,ACH
720575940620783898,ACH
720575940620811758,GLUT
720575940620812865,DA
720575940620818891,ACH
720575940620821669,ACH
720575940620826502,GABA
720575940620826900,ACH
720575940620860398,GABA
720575940620890748,ACH
720575940620892585,ACH
720575940620896459,ACH
720575940620899964,DA
720575940620922790,DA
720575940620927982,ACH
720575940620939685,ACH
720575940620945829,
720575940620960592,ACH
720575940620975696,DA
720575940620978458,GLUT
720575940620981413,
720575940620989632,ACH
720575940620996357,ACH
720575940621038294,DA
720575940621040737,DA
720575940621048758,ACH
720575940621062126,DA
720575940621063489,ACH
720575940621072816,DA
720575940621078443,ACH
720575940621082996,DA
720575940621109631,GLUT
720575940621117830,ACH
720575940621127851,ACH
720575940621128582,
720575940621136519,DA
720575940621164148,GLUT
720575940621164532,ACH
720575940621164720,
720575940621166256,DA
720575940621174742,ACH
720575940621189473,ACH
720575940621198177,
720575940621216982,DA
720575940621225893,GLUT
720575940621226405,DA
720575940621229695,GLUT
720575940621237126,
720575940621245124,DA
720575940621249445,ACH
720575940621272865,ACH
720575940621277865,GLUT
720575940621280545,ACH
720575940621284446,DA
720575940621321864,ACH
720575940621350721,GABA
720575940621387685,ACH
720575940621397253,DA
720575940621402689,ACH
720575940621402806,
720575940621422319,ACH
720575940621426300,DA
720575940621434145,DA
720575940621445953,GLUT
720575940621447407,
720575940621462512,DA
720575940621466817,DA
720575940621485377,GLUT
720575940621491696,ACH
720575940621501380,DA
720575940621504794,DA
720575940621507208,GLUT
720575940621520736,ACH
720575940621522598,ACH
720575940621537023,DA
720575940621549702,
720575940621573211,
720575940621581802,ACH
720575940621609643,GABA
720575940621614435,DA
720575940621617286,DA
720575940621637033,ACH
720575940621638721,ACH
720575940621642376,
720575940621644141,ACH
720575940621649499,GLUT
720575940621650943,GABA
720575940621667462,
720575940621671862,GLUT
720575940621676422,ACH
720575940621684358,DA
720575940621689727,DA
720575940621692848,GABA
720575940621703920,ACH
720575940621711087,GLUT
720575940621712990,DA
720575940621727493,ACH
720575940621743905,DA
720575940621751690,ACH
720575940621754288,ACH
720575940621768385,DA
720575940621775856,GLUT
720575940621782381,DA
720575940621806463,GLUT
720575940621807599,DA
720575940621811803,DA
720575940621825407,GABA
720575940621825630,DA
720575940621828534,DA
720575940621832426,GLUT
720575940621852326,
720575940621861637,DA
720575940621875821,DA
720575940621885957,ACH
720575940621886448,ACH
720575940621888950,GABA
720575940621891937,GABA
720575940621893219,ACH
720575940621900321,DA
720575940621922074,ACH
720575940621931297,GLUT
720575940621945855,DA
720575940621949820,ACH
720575940621975081,DA
720575940621976436,ACH
720575940621995440,GLUT
720575940622063948,DA
720575940622076680,ACH
720575940622089716,ACH
720575940622096589,ACH
720575940622100774,DA
720575940622107869,DA
720575940622127365,ACH
720575940622129791,
720575940622130058,DA
720575940622138209,
720575940622141424,ACH
720575940622143159,ACH
720575940622151804,GABA
720575940622155290,DA
720575940622176628,DA
720575940622190352,ACH
720575940622199593,ACH
720575940622212045,DA
720575940622232503,GLUT
720575940622239664,
720575940622273259,GABA
720575940622277808,
720575940622279441,GLUT
720575940622309726,DA
720575940622334699,ACH
720575940622334902,DA
720575940622338269,DA
720575940622339466,ACH
720575940622349695,ACH
720575940622364492,ACH
720575940622384227,DA
720575940622387981,DA
720575940622392299,ACH
720575940622400648,DA
720575940622495092,DA
720575940622503126,GLUT
720575940622517161,ACH
720575940622549700,ACH
720575940622554629,
720575940622569949,GLUT
720575940622591709,ACH
720575940622593008,GLUT
720575940622625663,
720575940622631816,
720575940622640297,ACH
720575940622656536,ACH
720575940622687757,ACH
720575940622688765,ACH
720575940622689524,DA
720575940622701808,DA
720575940622721037,ACH
720575940622722525,GABA
720575940622787683,ACH
720575940622823244,ACH
720575940622828056,DA
720575940622854840,GABA
720575940622867895,ACH
720575940622877729,
720575940622890509,ACH
720575940622892680,ACH
720575940622899453,SER
720575940622904069,GABA
720575940622944403,DA
720575940622950605,DA
720575940622953229,GABA
720575940622953983,
720575940622996941,DA
720575940622997836,
720575940623010124,ACH
720575940623015688,ACH
720575940623017596,
720575940623018253,ACH
720575940623022315,DA
720575940623025413,OCT
720575940623037353,ACH
720575940623041050,ACH
720575940623043327,ACH
720575940623059214,DA
720575940623061735,GLUT
720575940623067686,DA
720575940623082665,DA
720575940623091434,ACH
720575940623102121,
720575940623112216,ACH
720575940623113752,DA
720575940623145822,ACH
720575940623147016,GLUT
720575940623150369,DA
720575940623164679,ACH
720575940623167181,GLUT
720575940623182156,
720575940623186189,ACH
720575940623187806,
720575940623199070,DA
720575940623201023,DA
720575940623212170,GLUT
720575940623246550,ACH
720575940623252360,ACH
720575940623264949,
720575940623279117,ACH
720575940623282985,DA
720575940623337507,
720575940623344127,ACH
720575940623358099,DA
720575940623363978,GABA
720575940623382506,ACH
720575940623389576,ACH
720575940623398524,DA
720575940623414250,ACH
720575940623422461,GABA
720575940623429581,ACH
720575940623441449,GABA
720575940623442173,DA
720575940623456915,DA
720575940623486858,DA
720575940623495421,GABA
720575940623495693,
720575940623508173,ACH
720575940623508971,GLUT
720575940623528644,GLUT
720575940623537373,ACH
720575940623541517,
720575940623549843,ACH
720575940623554317,GABA
720575940623556327,GLUT
720575940623597848,GLUT
720575940623620425,
720575940623627411,ACH
720575940623631031,ACH
720575940623647331,
720575940623653671,ACH
720575940623675831,ACH
720575940623678698,ACH
720575940623681379,
720575940623696647,DA
720575940623726605,
720575940623758377,DA
720575940623792055,DA
720575940623799699,ACH
720575940623807672,DA
720575940623826729,GABA
720575940623837693,DA
720575940623887288,ACH
720575940623897955,DA
720575940623904551,DA
720575940623914749,ACH
720575940623917336,
720575940623964652,DA
720575940623990797,GLUT
720575940623998140,ACH
720575940624021577,GLUT
720575940624022015,ACH
720575940624031231,GABA
720575940624050470,
720575940624076936,GLUT
720575940624077960,ACH
720575940624082473,ACH
720575940624100615,
720575940624130253,DA
720575940624143541,ACH
720575940624158100,ACH
720575940624163984,DA
720575940624185319,ACH
720575940624187389,ACH
720575940624204435,
720575940624206728,DA
720575940624238285,
720575940624253513,GLUT
720575940624270845,ACH
720575940624317419,DA
720575940624318757,ACH
720575940624318761,
720575940624323475,DA
720575940624324425,ACH
720575940624333706,ACH
720575940624347689,ACH
720575940624349578,GABA
720575940624349674,GLUT
720575940624350205,ACH
720575940624403044,DA
720575940624435197,GLUT
720575940624442564,DA
720575940624443367,ACH
720575940624449318,DA
720575940624457971,GLUT
720575940624460484,GLUT
720575940624488388,
720575940624518328,DA
720575940624524029,
720575940624532408,DA
720575940624535530,
720575940624545940,DA
720575940624554132,
720575940624576845,DA
720575940624595179,ACH
720575940624613680,ACH
720575940624626320,ACH
720575940624629223,DA
720575940624647299,ACH
720575940624650988,GABA
720575940624658215,DA
720575940624661031,DA
720575940624663482,DA
720575940624667627,ACH
720575940624669621,
720575940624687850,DA
720575940624719818,ACH
720575940624738056,
720575940624750484,ACH
720575940624768062,ACH
720575940624806217,GABA
720575940624808940,
720575940624812780,ACH
720575940624828391,
720575940624837012,ACH
720575940624852057,DA
720575940624859725,DA
720575940624860167,GABA
720575940624863516,DA
720575940624867732,ACH
720575940624903753,ACH
720575940624915709,GABA
720575940624936340,GABA
720575940624936974,ACH
720575940624954808,ACH
720575940624972471,ACH
720575940624973607,ACH
720575940624987319,GLUT
720575940625014792,
720575940625021427,ACH
720575940625043021,ACH
720575940625043179,ACH
720575940625048638,ACH
720575940625060277,ACH
720575940625097992,
720575940625103374,ACH
720575940625107187,ACH
720575940625108407,ACH
720575940625109432,GLUT
720575940625128067,DA
720575940625166504,ACH
720575940625172744,
720575940625174759,
720575940625176094,ACH
720575940625185613,DA
720575940625196163,GABA
720575940625273067,ACH
720575940625291448,
720575940625298690,ACH
720575940625319100,GLUT
720575940625319915,ACH
720575940625343550,DA
720575940625374472,ACH
720575940625398055,ACH
720575940625415043,DA
720575940625422867,ACH
720575940625445363,ACH
720575940625483838,
720575940625486357,ACH
720575940625503527,SER
720575940625524204,ACH
720575940625525265,DA
720575940625526873,ACH
720575940625568186,DA
720575940625579722,DA
720575940625589117,DA
720575940625602597,DA
720575940625615248,DA
720575940625629844,ACH
720575940625653223,DA
720575940625675645,ACH
720575940625676814,GLUT
720575940625680074,DA
720575940625682765,ACH
720575940625683716,DA
720575940625702670,GABA
720575940625712688,DA
720575940625718605,ACH
720575940625731728,ACH
720575940625733351,DA
720575940625733413,ACH
720575940625745808,GABA
720575940625752778,ACH
720575940625766288,ACH
720575940625784153,ACH
720575940625796622,ACH
720575940625798695,ACH
720575940625813054,ACH
720575940625826916,DA
720575940625867056,DA
720575940625875402,DA
720575940625880472,DA
720575940625894960,ACH
720575940625898633,DA
720575940625926693,DA
720575940625931266,DA
720575940625934094,DA
720575940625968792,DA
720575940625979836,
720575940625990074,GLUT
720575940625998213,ACH
720575940625998925,ACH
720575940626001746,DA
720575940626022074,DA
720575940626050599,DA
720575940626052540,DA
720575940626119240,DA
720575940626135122,DA
720575940626146125,ACH
720575940626158364,DA
720575940626158692,ACH
720575940626167939,DA
720575940626206184,DA
720575940626211480,ACH
720575940626221104,GABA
720575940626223934,ACH
720575940626237726,DA
720575940626266493,GLUT
720575940626272424,GLUT
720575940626278974,DA
720575940626286432,
720575940626291581,DA
720575940626304077,ACH
720575940626314061,DA
720575940626349767,ACH
720575940626362776,ACH
720575940626409264,ACH
720575940626420045,DA
720575940626432345,ACH
720575940626443526,GLUT
720575940626455326,DA
720575940626469465,GABA
720575940626475029,ACH
720575940626493458,GLUT
720575940626494663,ACH
720575940626506472,DA
720575940626507834,ACH
720575940626511678,ACH
720575940626540743,ACH
720575940626547817,ACH
720575940626587578,GLUT
720575940626592284,ACH
720575940626617084,ACH
720575940626624186,ACH
720575940626625910,GABA
720575940626637699,ACH
720575940626649348,GABA
720575940626663178,ACH
720575940626672058,ACH
720575940626686845,ACH
720575940626689679,GLUT
720575940626703637,ACH
720575940626710458,GABA
720575940626726172,ACH
720575940626727592,GLUT
720575940626732560,ACH
720575940626753935,
720575940626759656,DA
720575940626767688,ACH
720575940626779440,ACH
720575940626779696,GABA
720575940626799920,
720575940626804738,GLUT
720575940626808963,ACH
720575940626820395,ACH
720575940626843194,ACH
720575940626878460,DA
720575940626881625,
720575940626886933,ACH
720575940626924675,ACH
720575940626928388,
720575940626953475,GLUT
720575940626971730,ACH
720575940627028486,GLUT
720575940627038238,ACH
720575940627087646,GABA
720575940627103877,DA
720575940627107134,ACH
720575940627110931,DA
720575940627121168,DA
720575940627126074,ACH
720575940627129672,ACH
720575940627135262,ACH
720575940627142855,ACH
720575940627145474,ACH
720575940627146186,DA
720575940627154946,GABA
720575940627159498,DA
720575940627186362,GABA
720575940627194501,DA
720575940627231262,ACH
720575940627247802,DA
720575940627259834,ACH
720575940627264062,DA
720575940627272747,
720575940627286153,ACH
720575940627293457,GLUT
720575940627309297,ACH
720575940627318031,ACH
720575940627327938,SER
720575940627330566,ACH
720575940627336714,
720575940627357457,DA
720575940627370027,ACH
720575940627375106,ACH
720575940627390507,DA
720575940627403578,ACH
720575940627447068,ACH
720575940627447939,DA
720575940627497609,GABA
720575940627512707,DA
720575940627528689,ACH
720575940627532104,DA
720575940627542415,DA
720575940627549205,DA
720575940627557202,ACH
720575940627565820,
720575940627570195,
720575940627580702,DA
720575940627585555,GLUT
720575940627594568,DA
720575940627612433,ACH
720575940627614341,ACH
720575940627629315,ACH
720575940627629598,
720575940627644584,DA
720575940627645821,ACH
720575940627656616,ACH
720575940627667984,DA
720575940627680516,DA
720575940627713284,DA
720575940627718738,ACH
720575940627722526,DA
720575940627730206,DA
720575940627739474,
720575940627741799,DA
720575940627753020,ACH
720575940627762557,ACH
720575940627768709,GABA
720575940627776506,ACH
720575940627779588,GLUT
720575940627785758,DA
720575940627818499,DA
720575940627819338,GLUT
720575940627835591,DA
720575940627848360,GABA
720575940627849274,ACH
720575940627854973,
720575940627855749,
720575940627861351,ACH
720575940627865682,ACH
720575940627869973,GLUT
720575940627871144,GLUT
720575940627903144,ACH
720575940627915780,ACH
720575940627919134,ACH
720575940627922821,GLUT
720575940627930142,GABA
720575940627935610,DA
720575940627954375,DA
720575940627964746,
720575940627969359,ACH
720575940627974404,
720575940627976478,ACH
720575940628014441,GLUT
720575940628035861,ACH
720575940628041476,ACH
720575940628050950,DA
720575940628056296,
720575940628057354,GABA
720575940628058505,
720575940628067846,DA
720575940628069501,GABA
720575940628073298,DA
720575940628082025,
720575940628094663,DA
720575940628099154,GABA
720575940628134021,ACH
720575940628137489,ACH
720575940628138395,ACH
720575940628141961,DA
720575940628145832,ACH
720575940628216081,GLUT
720575940628247825,ACH
720575940628297627,ACH
720575940628300431,
720575940628310546,ACH
720575940628314643,ACH
720575940628317715,GABA
720575940628337210,
720575940628340040,DA
720575940628345610,ACH
720575940628348584,
720575940628355689,GABA
720575940628356358,ACH
720575940628368394,GLUT
720575940628391250,GABA
720575940628407025,ACH
720575940628411153,ACH
720575940628427369,DA
720575940628444932,GLUT
720575940628449866,ACH
720575940628469672,
720575940628504919,ACH
720575940628506952,ACH
720575940628518673,GLUT
720575940628526735,DA
720575940628542807,GABA
720575940628544555,GLUT
720575940628549379,DA
720575940628558671,ACH
720575940628561095,ACH
720575940628577402,GABA
720575940628578639,DA
720575940628585922,DA
720575940628585948,ACH
720575940628591047,ACH
720575940628592743,ACH
720575940628598121,ACH
720575940628615683,DA
720575940628654159,ACH
720575940628657320,
720575940628674581,
720575940628687207,DA
720575940628700571,DA
720575940628705271,DA
720575940628708139,DA
720575940628717585,DA
720575940628731048,GLUT
720575940628742043,DA
720575940628742148,ACH
720575940628743362,DA
720575940628778058,ACH
720575940628789374,ACH
720575940628789626,DA
720575940628806607,DA
720575940628811831,ACH
720575940628815857,GABA
720575940628836412,DA
720575940628896199,ACH
720575940628916791,DA
720575940628933419,DA
720575940628989519,DA
720575940628996455,DA
720575940629035116,DA
720575940629114442,GLUT
720575940629137231,GLUT
720575940629158897,DA
720575940629163419,DA
720575940629172071,ACH
720575940629190615,DA
720575940629219644,ACH
720575940629231363,ACH
720575940629237036,
720575940629331663,ACH
720575940629336631,DA
720575940629339756,ACH
720575940629370844,ACH
720575940629375081,
720575940629379415,DA
720575940629390700,GABA
720575940629440079,ACH
720575940629443626,ACH
720575940629465094,DA
720575940629479276,ACH
720575940629483735,DA
720575940629486124,ACH
720575940629493199,GLUT
720575940629504247,GABA
720575940629511785,
720575940629513478,DA
720575940629515126,DA
720575940629534679,DA
720575940629552633,DA
720575940629564286,DA
720575940629579836,DA
720575940629591793,DA
720575940629593585,DA
720575940629609457,GABA
720575940629627386,ACH
720575940629642693,ACH
720575940629647695,ACH
720575940629665900,DA
720575940629701484,ACH
720575940629730810,ACH
720575940629746046,
720575940629747459,ACH
720575940629757272,ACH
720575940629765758,GABA
720575940629766479,GLUT
720575940629773827,GLUT
720575940629774891,DA
720575940629792018,DA
720575940629811582,
720575940629812602,
720575940629846059,ACH
720575940629864259,DA
720575940629866563,ACH
720575940629878892,GLUT
720575940629907906,ACH
720575940629929273,GABA
720575940629936890,ACH
720575940629960192,DA
720575940629960527,GABA
720575940629971791,ACH
720575940629974735,ACH
720575940630021058,GABA
720575940630025528,DA
720575940630030905,GABA
720575940630044354,ACH
720575940630069504,GABA
720575940630076887,DA
720575940630152039,
720575940630154540,
720575940630159404,ACH
720575940630166267,DA
720575940630175276,DA
720575940630260439,GLUT
720575940630266746,ACH
720575940630267607,ACH
720575940630271336,ACH
720575940630275840,ACH
720575940630279936,GLUT
720575940630285356,ACH
720575940630298112,GLUT
720575940630299434,ACH
720575940630301306,ACH
720575940630316875,GABA
720575940630318951,DA
720575940630355450,GLUT
720575940630374219,ACH
720575940630374876,ACH
720575940630382812,ACH
720575940630394167,GABA
720575940630397527,DA
720575940630410321,DA
720575940630411823,DA
720575940630426368,GABA
720575940630426435,GLUT
720575940630446329,DA
720575940630448215,DA
720575940630465398,DA
720575940630498811,DA
720575940630500293,DA
720575940630510454,GLUT
720575940630516854,ACH
720575940630526039,ACH
720575940630536441,DA
720575940630547574,
720575940630587855,ACH
720575940630596921,DA
720575940630610042,DA
720575940630610688,
720575940630614775,ACH
720575940630620044,ACH
720575940630678871,DA
720575940630684943,DA
720575940630691958,GABA
720575940630697078,
720575940630709499,ACH
720575940630722956,DA
720575940630748030,ACH
720575940630760044,
720575940630777631,DA
720575940630779708,ACH
720575940630786733,DA
720575940630788772,ACH
720575940630794703,DA
720575940630794767,DA
720575940630811648,ACH
720575940630816207,DA
720575940630819548,
720575940630822175,DA
720575940630828485,DA
720575940630829568,ACH
720575940630833786,
720575940630868271,DA
720575940630882263,DA
720575940630892631,DA
720575940630893305,ACH
720575940630902287,DA
720575940630913221,DA
720575940630930191,DA
720575940630937923,ACH
720575940630956375,GABA
720575940630979323,ACH
720575940630984749,DA
720575940630998287,DA
720575940631005046,DA
720575940631025980,ACH
720575940631052800,
720575940631070239,SER
720575940631095087,DA
720575940631100620,GLUT
720575940631100665,ACH
720575940631117586,DA
720575940631118610,DA
720575940631122489,ACH
720575940631125156,ACH
720575940631127759,ACH
720575940631128877,ACH
720575940631128907,GABA
720575940631179831,DA
720575940631184439,DA
720575940631186084,ACH
720575940631198776,DA
720575940631208466,GLUT
720575940631213532,ACH
720575940631220729,ACH
720575940631222841,DA
720575940631256271,
720575940631260716,DA
720575940631273676,ACH
720575940631274794,DA
720575940631290063,GLUT
720575940631298152,ACH
720575940631321675,SER
720575940631349335,DA
720575940631426119,GLUT
720575940631443304,DA
720575940631457834,GLUT
720575940631461805,DA
720575940631488301,
720575940631488839,ACH
720575940631524716,GLUT
720575940631550457,
720575940631554616,DA
720575940631558954,ACH
720575940631559884,ACH
720575940631563857,ACH
720575940631568123,ACH
720575940631569256,ACH
720575940631574636,ACH
720575940631576903,DA
720575940631577901,DA
720575940631578967,ACH
720575940631595083,
720575940631598904,DA
720575940631601227,ACH
720575940631617347,DA
720575940631629765,
720575940631636035,DA
720575940631639400,ACH
720575940631639972,GLUT
720575940631641704,DA
720575940631645009,GABA
720575940631679201,ACH
720575940631688808,DA
720575940631700731,DA
720575940631701499,GLUT
720575940631711951,ACH
720575940631730349,DA
720575940631745367,DA
720575940631758393,DA
720575940631764397,ACH
720575940631773523,ACH
720575940631814085,DA
720575940631853007,ACH
720575940631884748,
720575940631891527,ACH
720575940631894238,
720575940631936081,DA
720575940631953479,ACH
720575940631957522,GABA
720575940631961144,ACH
720575940631978543,
720575940631983691,
720575940631990103,GABA
720575940632013357,
720575940632021290,GABA
720575940632044172,ACH
720575940632066834,ACH
720575940632067176,ACH
720575940632078667,GABA
720575940632087367,ACH
720575940632094776,ACH
720575940632107335,DA
720575940632113682,GABA
720575940632116687,
720575940632126860,DA
720575940632131921,GLUT
720575940632171309,ACH
720575940632179816,ACH
720575940632193055,ACH
720575940632197930,
720575940632208707,ACH
720575940632222381,
720575940632222539,GABA
720575940632257091,
720575940632269229,ACH
720575940632280903,ACH
720575940632281937,ACH
720575940632297901,ACH
720575940632306572,ACH
720575940632309519,
720575940632311823,GABA
720575940632314955,
720575940632344290,DA
720575940632364115,DA
720575940632383313,ACH
720575940632387353,GABA
720575940632390987,GABA
720575940632395980,ACH
720575940632396615,DA
720575940632402588,DA
720575940632405816,GLUT
720575940632408647,ACH
720575940632426002,DA
720575940632457487,
720575940632459234,ACH
720575940632492648,ACH
720575940632513592,ACH
720575940632522538,ACH
720575940632535500,ACH
720575940632541523,DA
720575940632603278,ACH
720575940632617164,ACH
720575940632626146,GABA
720575940632648248,GLUT
720575940632688175,
720575940632778051,DA
720575940632794415,
720575940632796264,ACH
720575940632803795,DA
720575940632807085,ACH
720575940632808519,ACH
720575940632823009,GLUT
720575940632831555,GLUT
720575940632853805,GABA
720575940632872365,DA
720575940632897491,ACH
720575940632903906,GLUT
720575940632959583,
720575940633039500,ACH
720575940633123539,GABA
720575940633145996,DA
720575940633163711,DA
720575940633165816,
720575940633169177,ACH
720575940633192985,GABA
720575940633197485,
720575940633283373,ACH
720575940633283921,ACH
720575940633345567,
720575940633354321,ACH
720575940633355724,ACH
720575940633356881,DA
720575940633374156,
720575940633406745,DA
720575940633427937,
720575940633455052,ACH
720575940633515490,DA
720575940633518176,GLUT
720575940633541857,DA
720575940633558754,ACH
720575940633573783,DA
720575940633573836,DA
720575940633601249,DA
720575940633612698,DA
720575940633628836,ACH
720575940633688476,DA
720575940633700947,GABA
720575940633724852,DA
720575940633762040,ACH
720575940633763832,ACH
720575940633787309,DA
720575940633816857,DA
720575940633832628,DA
720575940633846061,
720575940633888211,
720575940633903897,DA
720575940633981552,ACH
720575940633982035,ACH
720575940633996444,DA
720575940634032796,ACH
720575940634073825,ACH
720575940634078303,ACH
720575940634081899,DA
720575940634084051,
720575940634085858,ACH
720575940634093337,ACH
720575940634115252,ACH
720575940634144703,DA
720575940634262684,ACH
720575940634323808,ACH
720575940634326264,
720575940634339167,DA
720575940634436508,ACH
720575940634452080,ACH
720575940634475119,DA
720575940634551959,DA
720575940634552802,SER
720575940634578071,GLUT
720575940634607129,ACH
720575940634629216,ACH
720575940634629311,DA
720575940634640023,DA
720575940634655851,DA
720575940634710879,GLUT
720575940634758496,
720575940634761208,SER
720575940634825623,ACH
720575940634842649,ACH
720575940634846815,ACH
720575940634850970,ACH
720575940634866586,ACH
720575940634916709,ACH
720575940634953079,DA
720575940634985567,GABA
720575940634990271,ACH
720575940635011740,
720575940635013823,ACH
720575940635019683,
720575940635109983,ACH
720575940635120491,DA
720575940635154271,ACH
720575940635168407,
720575940635184491,
720575940635216535,ACH
720575940635218327,ACH
720575940635221172,
720575940635252877,ACH
720575940635290720,ACH
720575940635315391,ACH
720575940635326871,GLUT
720575940635330411,GABA
720575940635356316,DA
720575940635363228,ACH
720575940635385239,GLUT
720575940635465908,ACH
720575940635467371,ACH
720575940635492276,DA
720575940635522484,ACH
720575940635527092,ACH
720575940635573367,ACH
720575940635586912,ACH
720575940635606639,DA
720575940635618711,DA
720575940635628695,ACH
720575940635632023,DA
720575940635633588,ACH
720575940635663979,GABA
720575940635678942,ACH
720575940635709551,
720575940635744863,
720575940635755768,GLUT
720575940635766896,ACH
720575940635777016,
720575940635779959,DA
720575940635838655,DA
720575940635839167,ACH
720575940635853675,ACH
720575940635870815,GLUT
720575940635932590,GABA
720575940635950584,
720575940636105829,DA
720575940636130990,GLUT
720575940636147551,ACH
720575940636160112,ACH
720575940636279920,GABA
720575940636291429,ACH
720575940636316590,ACH
720575940636327598,GABA
720575940636355685,DA
720575940636361140,GLUT
720575940636365540,DA
720575940636399706,ACH
720575940636436916,DA
720575940636437172,DA
720575940636461710,DA
720575940636502264,GABA
720575940636524792,GLUT
720575940636527728,GLUT
720575940636563055,
720575940636662895,GABA
720575940636685198,
720575940636688752,
720575940636924479,DA
720575940636943081,
720575940637023095,ACH
720575940637030007,GABA
720575940637051503,GLUT
720575940637114334,DA
720575940637279095,GABA
720575940637293687,DA
720575940637320567,DA
720575940637352293,ACH
720575940637390302,DA
720575940637391582,DA
720575940637439465,DA
720575940637448681,ACH
720575940637451497,ACH
720575940637494629,ACH
720575940637576158,ACH
720575940637609390,GABA
720575940637622885,ACH
720575940637656974,DA
720575940637672425,DA
720575940637689728,DA
720575940637739888,
720575940637743534,GABA
720575940637771829,ACH
720575940637793589,ACH
720575940637820272,GABA
720575940638070862,DA
720575940638086528,DA
720575940638113085,GLUT
720575940638149865,GABA
720575940638163940,DA
720575940638300486,DA
720575940638334527,ACH
720575940638494441,ACH
720575940638505798,GLUT
720575940638548021,DA
720575940638586496,DA
720575940638619214,
720575940638748093,ACH
720575940638760307,ACH
720575940638792611,
720575940638846848,DA
720575940638861631,DA
720575940638894397,DA
720575940638935615,ACH
720575940638937688,ACH
720575940638977341,ACH
720575940638994495,GABA
720575940639008838,GLUT
720575940639053540,ACH
720575940639057973,ACH
720575940639075150,DA
720575940639077283,DA
720575940639082062,
720575940639170879,ACH
720575940639217085,GABA
720575940639227967,ACH
720575940639239652,ACH
720575940639343157,GLUT
720575940639358579,DA
720575940639382691,GLUT
720575940639408243,GLUT
720575940639410246,GLUT
720575940639411509,ACH
720575940639420624,DA
720575940639547982,DA
720575940639566406,DA
720575940639605875,ACH
720575940639619792,ACH
720575940639636595,ACH
720575940639684696,DA
720575940639687283,ACH
720575940639739726,ACH
720575940639795571,GABA
720575940639827005,ACH
720575940639837648,GLUT
720575940640002256,DA
720575940640039040,DA
720575940640048768,DA
720575940640064573,ACH
720575940640065744,
720575940640240885,ACH
720575940640242061,ACH
720575940640331995,ACH
720575940640337461,ACH
720575940640359643,ACH
720575940640396173,ACH
720575940640424526,ACH
720575940640436814,GABA
720575940640470387,ACH
720575940640564851,
720575940640620349,GABA
720575940640627619,ACH
720575940640667480,ACH
720575940640714192,ACH
720575940640747864,DA
720575940640770957,DA
720575940640849360,ACH
720575940640914651,ACH
720575940641062901,DA
720575940641288923,DA
720575940641297204,ACH
720575940641364432,
720575940641369296,GLUT
720575940641396078,ACH
720575940641546715,DA
720575940641692379,ACH
720575940641723808,DA
720575940641785845,SER
720575940642036187,
720575940642191323,ACH
720575940642196621,ACH
720575940642208219,
720575940642245064,DA
720575940642325556,ACH
720575940642393051,GLUT
720575940642413604,ACH
720575940642414555,
720575940642426784,ACH
720575940642431117,ACH
720575940642554509,ACH
720575940642592416,DA
720575940642603464,DA
720575940642631387,DA
720575940642733216,DA
720575940642744264,DA
720575940642804384,GABA
720575940642888333,ACH
720575940643146788,ACH
720575940643251236,ACH
720575940643311501,DA
720575940643418990,ACH
720575940643526510,DA
720575940643542688,DA
720575940643543200,DA
720575940643725472,ACH
720575940643790536,DA
720575940643903904,ACH
720575940643950190,DA
720575940644052128,
720575940644065047,ACH
720575940644146724,DA
720575940644184087,DA
720575940644196808,ACH
720575940644308384,ACH
720575940644356296,ACH
720575940644428488,ACH
720575940644635592,ACH
720575940644654280,
720575940644658542,DA
720575940644733975,DA
720575940644736968,
720575940644745120,OCT
720575940644747828,DA
720575940644828616,GLUT
720575940644870167,GLUT
720575940644939208,
720575940644946211,ACH
720575940644972232,GABA
720575940645142807,ACH
720575940645158179,DA
720575940645169608,ACH
720575940645191447,
720575940645202467,DA
720575940645238819,DA
720575940645281559,
720575940645552948,DA
720575940645622126,ACH
720575940645667438,ACH
720575940645680238,GABA
720575940645700228,ACH
720575940645824644,DA
720575940645855255,
720575940645941102,ACH
720575940646026116,GABA
720575940646044980,DA
720575940646056500,GABA
720575940646168942,ACH
720575940646288419,DA
720575940646367540,ACH
720575940646410019,ACH
720575940646416419,ACH
720575940646449204,DA
720575940646496547,ACH
720575940646506019,ACH
720575940646521988,ACH
720575940646537582,GLUT
720575940646564916,DA
720575940646572084,ACH
720575940646582836,DA
720575940646585140,ACH
720575940646735156,DA
720575940646818612,GABA
720575940646852660,DA
720575940646916404,ACH
720575940647030836,ACH
720575940647147908,DA
720575940647165828,DA
720575940647192355,
720575940647275043,GABA
720575940647713332,ACH
720575940647973497,ACH
720575940648330105,DA
720575940648685444,
720575940648698244,ACH
720575940649649785,DA
720575940649658745,DA
720575940649675897,DA
720575940649813113,GABA
720575940649868153,ACH
720575940650074233,ACH
720575940650268150,
720575940650362614,DA
720575940650745977,DA
720575940650785401,
720575940650889849,GLUT
720575940650929273,DA
720575940651558646,GLUT
720575940651939318,
720575940652671990,ACH
720575940653343734,ACH
720575940653346038,ACH
720575940653360289,DA
720575940653592822,
720575940653734049,ACH
720575940654239905,ACH
720575940654390689,ACH
720575940654852257,ACH
720575940654890145,ACH
720575940655571617,ACH
720575940655750049,
720575940656047521,
720575940658525569,GABA
720575940658674049,DA
720575940659323009,ACH
720575940659996033,SER
720575940660053121,DA
720575940660271745,DA
720575940660355457,ACH
720575940660935041,GABA
720575940661325697,ACH
